noise_level,mean_order,std_order
2.000000000000000042e-02,9.990488976162741341e-01,4.154866534830038336e-04
7.764705882352941624e-02,9.842820576340605143e-01,1.769603241551371371e-03
1.352941176470588147e-01,9.483431747785722177e-01,4.116763201382484319e-03
1.929411764705882271e-01,9.089944195354260348e-01,6.919376848725677064e-03
2.505882352941176672e-01,8.527417470451288395e-01,8.910361124086486201e-03
3.082352941176470518e-01,7.814361639393428982e-01,6.918934632464204121e-03
3.658823529411764919e-01,6.875062217458520752e-01,1.338948953609545196e-02
4.235294117647059320e-01,5.573434606602503116e-01,9.276231358265459026e-02
4.811764705882353166e-01,4.129989329320932212e-01,6.085395012626287903e-02
5.388235294117647012e-01,2.584419647344309290e-01,2.535174073160804953e-02
5.964705882352940858e-01,1.867003379069676616e-01,2.967626269877450193e-02
6.541176470588235814e-01,1.257606417497178775e-01,1.585777289802844589e-02
7.117647058823529660e-01,9.898440983553437322e-02,4.856956600647576762e-03
7.694117647058823506e-01,8.024869876197557317e-02,5.659403213657082828e-03
8.270588235294118462e-01,7.161844041464210386e-02,6.403351366290307815e-03
8.847058823529412308e-01,6.415255278106767045e-02,4.335576870105432856e-03
9.423529411764706154e-01,6.369040762806399414e-02,4.261456784629994929e-03
1.000000000000000000e+00,5.690687494340466307e-02,4.038447685011278300e-03
